6th of October City,
Aachen,
Aalborg,
Aarau,
Aarhus,
Abeokuta,
Aberdare,
Aberdeen,
Abha,
Abidjan,
Abovyan,
Abu Dhabi,
Abuja,
Acapulco,
Acarigua,
Accra,
Achna,
Adama,
Adana,
Addis Ababa,
Addu City,
Adelaide,
Aden,
Agadir,
Agilat,
Aguascalientes,
Agía Nápa,
Ahmedabad,
Aix-en-Provence,
Ajaccio,
Akdoğan,
Akranes,
Aksu,
Akureyri,
Al Ahmadi,
Al Ain,
Al Farwaniyah,
Al Hamriyah,
Al Khor,
Al Rayyan,
Al Wakrah,
Al-Ain,
Al-Jahra,
Al-Khader,
Al-Ram,
Alajuela,
Alanya,
Albacete,
Albano Laziale,
Albufeira,
Albuquerque,
Alcochete,
Alderney,
Aleppo,
Alexandria,
Algiers,
Alicante,
Almada,
Almaty,
Almere,
Almería,
Altach,
Altenkirchen,
Altona,
Alverca do Ribatejo,
Alzira,
Amadora,
Amanvillers,
Ambato,
Amiens,
Amman,
Amsterdam,
Anaheim,
Ancona,
Anderlecht,
Andorra la Vella,
Anglesey,
Anif,
Ankara,
Annaba,
Ansan,
Anshan,
Antalya,
Antananarivo,
Antibes,
Antigua Guatemala,
Antofagasta,
Antwerp,
Anyang,
Aosta,
Apia,
Arad,
Arequipa,
Arica,
Arima,
Arles,
Arlington,
Armenia,
Arnhem,
Arnos Vale,
Arusha,
Asaba,
Ascoli Piceno,
Ashdod,
Ashgabat,
Ashkelon,
Askeran,
Asmara,
Astana,
Asunción,
Aswan,
Athens,
Athersley,
Atlanta,
Attard,
Atteridgeville,
Aubervilliers,
Auckland,
Aue,
Augsburg,
Austin,
Auxerre,
Avarua,
Aveiro,
Aveley,
Avellaneda,
Avellino,
Avignon,
Ayutthaya,
Az Zawiyah,
Azogues,
Aïn Draham,
Ba,
Babahoyo,
Bacolet,
Bacolod,
Bad Erlach,
Bad Waltersdorf,
Badajoz,
Bafoussam,
Baghdad,
Bahir Dar,
Baie-Mahault,
Baiersbronn,
Bakau,
Baku,
Bakıxanov,
Balchik,
Balkanabat,
Ballarat,
Baltimore,
Balzers,
Bamako,
Banda Aceh,
Bandar Seri Begawan,
Bandung,
Bangalore,
Bangkok,
Bangor,
Bangui,
Banja Luka,
Banjul,
Barcelona,
Barcelos,
Bari,
Barinas,
Barotac Nuevo,
Barquisimeto,
Barranquilla,
Barysaw,
Basel,
Basra,
Basse-Terre,
Basseterre,
Bastia,
Bastia Umbra,
Bat Yam,
Bata,
Bathurst,
Batna,
Batumi,
Bauchi,
Bayamón,
Bayreuth,
Bačka Topola,
Beauvais,
Bedfont,
Beer Sheva,
Beijing,
Beira,
Beirut,
Beit She'an,
Bejaia,
Bekasi,
Belek,
Belfast,
Belgrade,
Belize,
Belize City,
Belle Vue,
Belle Vue Harel,
Belle Vue Maurel,
Bellinzona,
Belmopan,
Belo Horizonte,
Belém,
Bendigo,
Benghazi,
Benguela,
Benin,
Benin City,
Benina,
Berat,
Bergamo,
Bergen,
Berkane,
Berlin,
Berne,
Berrechid,
Bethlehem,
Beuthen,
Bełchatów,
Białystok,
Biel,
Bielefeld,
Big Bend,
Bihać,
Bilbao,
Bin Ghashir,
Birmingham,
Bischofshofen,
Bishan,
Bishkek,
Bissau,
Bitam,
Bizerte,
Black Rock,
Blackburn,
Blackpool,
Blairmont,
Blantyre,
Blida,
Bloemfontein,
Blois,
Bobo Dioulasso,
Boca Raton,
Bocaue,
Bochum,
Bodmin,
Bodø,
Bogor,
Bogotá,
Bois-Guillaume,
Bologna,
Bombay,
Bondoufle,
Bonneuil-sur-Marne,
Bordeaux,
Borisov,
Borovo,
Borås,
Bouaké,
Boulari,
Boulogne-Sur-Mer,
Bourj Hammoud,
Bracknell,
Braddan,
Bradenton,
Bradford,
Brading,
Braga,
Brandenburg,
Brasília,
Bratislava,
Brazzaville,
Braşov,
Breda,
Bremen,
Brentford,
Brescia,
Breslau,
Brest,
Bridgetown,
Bridgeview,
Brikama,
Brisbane,
Bristol,
Brno,
Bromley,
Brondbyvester,
Bruges,
Brussels,
Bry-sur-Marne,
Brzeszcze,
Brøndby,
Bucaramanga,
Bucharest,
Bucheon,
Budapest,
Buenos Aires,
Bujumbura,
Bulawayo,
Buraidah,
Burgas,
Burghausen,
Buriram,
Burkina Faso,
Burnaby,
Burnley,
Bursa,
Burton on Trent,
Busan,
Bushbuckridge,
Butare,
Buzău,
Bydgoszcz,
Byton,
Béja,
Cabinda,
Caen,
Cagliari,
Cairo,
Calabar,
Calama,
Calcutta,
Cali,
Calicut,
Campina Grande,
Campinas,
Campo Grande,
Campobasso,
Canberra,
Cannes,
Cap-Haïtien,
Cap-d'Ail,
Cape Coast,
Cape Town,
Capesterre-Belle-Eau,
Caracas,
Cardiff,
Carouge,
Carriacou,
Carshalton,
Carson,
Cartagena,
Cartago,
Cary,
Casablanca,
Cascais,
Castellón de la Plana,
Castletown,
Castries,
Catania,
Cayenne,
Cebu,
Cebu City,
Celje,
Celle Ligure,
Centre de Flacq,
Cernăuţi,
Cesena,
Chalcis,
Chamazi,
Chambéry,
Changsha,
Changwon,
Chantilly,
Charleroi,
Charlotte,
Charlotte Amalie,
Chaves,
Chemnitz,
Chengdu,
Chennai,
Chenzhou,
Cheonan,
Cheongju,
Chester,
Chiang Mai,
Chiba,
Chicago,
Chiclayo,
Chililabombwe,
Chillán,
Chingola,
Chittagong,
Chișinău,
Choa Chu Kang,
Chonburi,
Chongqing,
Chorzów,
Christchurch,
Chula Vista,
Chuncheon,
Chungju,
Châteauroux,
Chōfu,
Cibinong,
Cikarang,
Cincinnati,
Ciudad Guayana,
Ciudad Juárez,
Ciudad Madero,
Ciudad Quesada,
Ciudad Victoria,
Ciudad del Este,
Clairefontaine-en-Yvelines,
Clairfontaine,
Clermont-Ferrand,
Cleveland,
Cluj,
Cluj-Napoca,
Cochabamba,
Cocoa Beach,
Coffs Harbour,
Coimbra,
Cologne,
Colombes,
Colombo,
Colonia,
Columbus,
Colón,
Comayagua,
Commerce City,
Como,
Compiègne,
Conakry,
Concepción,
Congo,
Constantine,
Constanţa,
Copenhagen,
Coquimbo,
Coquitlam,
Corbeil-Essonnes,
Cork,
Cornellà de Llobregat,
Cornwall,
Cosenza,
Costa Mesa,
Costebelle,
Cotonou,
Cottbus,
Couva,
Coventry,
Covilhã,
Cowes,
Craiova,
Creil,
Cremona,
Crewe,
Créteil,
Cuenca,
Cuiabá,
Culiacán,
Curepipe,
Curitiba,
Cusco,
Cutral Có,
Cáceres,
Cádiz,
Córdoba,
Cúcuta,
DR Congo,
Daegu,
Daejeon,
Dakar,
Dalhem,
Dalian,
Dallas,
Damanhur,
Damascus,
Dammam,
Danlí,
Dar es Salaam,
David,
Davidson,
Daşoguz,
Debrecen,
Dededo,
Denizli,
Denver,
Derby,
Detroit,
Deventer,
Devonshire,
Devonshire Parish,
Dhahran,
Dhaka,
Dherynia,
Diamniadio,
Dieppe,
Differdange,
Dili,
Dinard,
Dire Dawa,
Diriamba,
Diyarbakir,
Djibouti,
Djibouti City,
Dnipro,
Dnipropetrovs'k,
Dodoma,
Doha,
Dolisie,
Domžale,
Donets'k,
Dordrecht,
Dornbirn,
Dortmund,
Douala,
Douglas,
Drammen,
Dresden,
Dreux,
Drnovice,
Dubai,
Dublin,
Dubnica nad Váhom,
Duhok,
Duisburg,
Dunajská Streda,
Duncanville,
Dundee,
Dundo,
Dunedin,
Durban,
Durrës,
Dushanbe,
Düsseldorf,
East Cowes,
East Hartford,
East London,
East Riffa,
East Rutherford,
Ebebiyín,
Eckerö,
Edinburgh,
Edmonton,
Eibar,
Eindhoven,
Ekaterinburg,
El Jadida,
El Mahalla El Kubra,
El Progreso,
Elbasan,
Elche,
Empoli,
Enfield,
Enschede,
Entebbe,
Enugu,
Equatorial Guinea,
Erbil,
Erfurt,
Ernakulam,
Esbjerg,
Esch-sur-Alzette,
Eschen,
Eskilstuna,
Eskişehir,
Espargos,
Essen,
Estelí,
Estepona,
Estoril,
Ethiopia,
Ettelbruck,
Eupen,
Falmouth,
Famagusta,
Fardhem,
Faro,
Faro-Loulé,
Felcsút,
Fez,
Finström,
Fitzwilliam,
Florence,
Florianópolis,
Foggia,
Forest,
Fort Lauderdale,
Fort Pierce,
Fort Worth,
Fort de France,
Fort-de-France,
Fortaleza,
Fos-sur-Mer,
Foshan,
Foxborough,
Franceville,
Francistown,
Franconville,
Frankfurt,
Frankfurt am Main,
Frankfurt an der Oder,
Frederiksted,
Fredrikstad,
Freetown,
Freiburg,
Freshwater,
Fresno,
Frisco,
Fuglafjørður,
Fukuoka,
Fukuroi,
Fullerton,
Funchal,
Fårösund,
Fès,
Fürth,
Gaborone,
Gabès,
Gagny,
Gagra,
Gama,
Gangneung,
Gangtok,
Garoua,
Gaziantep,
Gazimağusa,
Gdańsk,
Gdynia,
Gelsenkirchen,
Geneva,
Genk,
Gennevilliers,
Genoa,
Gentilly,
George Town,
Georgetown,
Gera,
Germiston,
Getafe,
Ghent,
Gianyar,
Gibraltar,
Gifu,
Gijon,
Gijón,
Girona,
Gisborne,
Gisenyi,
Giurgiu,
Glasgow,
Glendale,
Goiânia,
Gori,
Gosford,
Gossau,
Gothenburg,
Goyang,
Granada,
Grand Bay,
Grassau,
Graz,
Greenock,
Greensboro,
Grenada,
Grenoble,
Grenville,
Grodzisk Wielkopolski,
Groningen,
Gros Islet,
Grouville,
Groznyy,
Grödig,
Guadalajara,
Guangzhou,
Guatemala,
Guatemala City,
Guayana,
Guayaquil,
Guimarães,
Guinea,
Guingamp,
Guiyang,
Gurgaon,
Gurjaani,
Gutavallen,
Guwahati,
Gwangju,
Gwelo,
Gweru,
Győr,
Gällivare,
Gävle,
Gøta,
Güzelyurt,
Gżira,
Gəncə,
Ha'ateiho,
Haarlem,
Habbaniyah,
Hagätña,
Haifa,
Halle,
Halmstad,
Hamburg,
Hamilton,
Hammam Lif,
Hammarland,
Hangzhou,
Hanoi,
Hanover,
Harare,
Harbin,
Haringey,
Harrison,
Harrogate,
Hartberg,
Hartford,
Haskovo,
Havana,
Hawalli,
Hawassa,
Hebron,
Heerenveen,
Hefei,
Helsingborg,
Helsinki,
Hempstead,
Hemse,
Heraklion,
Heredia,
Hermosillo,
Herning,
Hershey,
Herzliyya,
Hesperange,
Hialeah,
High Point,
Hiroshima,
Hisor,
Ho Chi Minh City,
Hohhot,
Homel,
Homs,
Hong Kong,
Honiara,
Horsens,
Hougang,
Houmet Souk,
Houston,
Hrodna,
Huddersfield,
Huelva,
Hunedoara,
Hwaseong,
Hyderabad,
Hyères,
Höfn,
Húsavík,
Hải Phòng,
Iași,
Ibadan,
Iloilo City,
Incheon,
Independencia,
Ingolstadt,
Innsbruck,
Ioannina,
Ipoh,
Ipswich,
Iquique,
Iquitos,
Irapuato,
Irbid,
Irvine,
Isa Town,
Islamabad,
Isle of Wight,
Ismaila,
Issy-les-Moulineaux,
Istanbul,
Ivory Coast,
Iława,
Jablonec nad Nisou,
Jablonec nad Nisou nad Nisou,
Jacksonville,
Jaffa,
Jaffna,
Jagodina,
Jakarta,
Jakobstad,
Jalan Besar,
Jastrzębie-Zdrój,
Jeddah,
Jena,
Jenin,
Jeonju,
Jerez,
Jerez de la Frontera,
Jericho,
Jerusalem,
Jessore,
Jiangyin,
Jinan,
Jinja,
Johannesburg,
Johor Bahru,
Jomala,
Jounieh,
João Pessoa,
Juba,
Jubail,
Jurong,
Jurong West,
Juticalpa,
Jwaneng,
Jönköping,
Jūrmala,
Kabul,
Kaduna,
Kaiserslautern,
Kakamega,
Kalamáta,
Kaliningrad,
Kallang,
Kalmar,
Kalutara,
Kampala,
Kano,
Kansas City,
Kaohsiung,
Kaolack,
Kapfenberg,
Karachi,
Karaj,
Karbala,
Karksi-Nuia,
Karl-Marx-Stadt,
Karlsruhe,
Karlstad,
Kasarani,
Kashima,
Kassala,
Kathmandu,
Katowice,
Kaunas,
Kavála,
Kayes,
Kayseri,
Kazan,
Kecskemét,
Keetmanshoop,
Keflavík,
Kelsterbach,
Kematen,
Kenitra,
Kennesaw,
Kent,
Kenya,
Kerkrade,
Kertepe,
Kharkiv,
Khartoum,
Khimki,
Khobar,
Khujand,
Kielce,
Kigali,
Kilkís,
Kilmarnock,
Kimberley,
Kingston,
Kingston upon Hull,
Kingstown,
Kinshasa,
Kira,
Kisumu,
Kitwe,
Klagenfurt,
Klaipėda,
Klaksvík,
Kleve,
Kobe,
Kochi,
Kohtla-Järve,
Kolkota,
Konya,
Koné,
Koper,
Koprivnica,
Koror,
Kortrijk,
Korçë,
Kota Bharu,
Kotka,
Kouvola,
Kowloon,
Kozáni,
Košice,
Kraków,
Kranj,
Krasnodar,
Krefeld,
Kretinga,
Kristiania,
Krubong,
Kruševac,
Kuala Lumpur,
Kuantan,
Kuching,
Kufstein,
Kumamoto,
Kumanovo,
Kumasi,
Kunming,
Kunshan,
Kuopio,
Kuressaare,
Kurunegala,
Kut,
Kutaisi,
Kuusankoski,
Kuwait,
Kuwait City,
Kyiv,
Kyoto,
Kyrenia,
Kópavogur,
Königsberg,
La Calera,
La Ceiba,
La Chaux-de-Fonds,
La Chorrera,
La Coruña,
La Courneuve,
La Línea de la Concepción,
La Marsa,
La Paz,
La Plata,
La Serena,
Lae,
Lagos,
Lahore,
Lahti,
Lalitpur,
Lancy,
Landover,
Landskrona,
Larnaca,
Las Palmas,
Las Vegas,
Latacunga,
Latakia,
Lauderhill,
Lausanne,
Lautoka,
Le Bouscat,
Le Gosier,
Le Havre,
Le Lamentin,
Le Mans,
Le Petit-Quevilly,
Le Touquet-Paris-Plage,
Lecce,
Leeds,
Leeuwarden,
Lefkoşa,
Leganés,
Leicester,
Leipzig,
Leiria,
Leningrad,
Lens,
Leonora,
Les Abymes,
Les Avirons,
Lesotho,
Leuven,
Levallois-Perret,
Leverkusen,
León,
Liberec,
Libreville,
Libya,
Liepāja,
Lifou,
Lille,
Lilongwe,
Lima,
Limassol,
Limbé,
Limeil-Brévannes,
Limerick,
Linares,
Linden,
Linz,
Lisbon,
Liverpool,
Livorno,
Liège,
Ljubljana,
Llagostera,
Llandudno,
Llanelli,
Lleida,
Lobamba,
Lobatse,
Logroño,
Loja,
Lokeren,
Lomé,
London,
Long Beach,
Longjumeau,
Lookout,
Lorca,
Los Angeles,
Lower Hutt,
Luanda,
Luanshya,
Lubango,
Lubin,
Lublin,
Lubumbashi,
Lucerne,
Ludwigshafen,
Lugano,
Luganville,
Luleå,
Luque,
Lusail,
Lusaka,
Luxembourg,
Luxembourg City,
Lviv,
Lwów,
Lyon,
Lárisa,
Lənkəran,
Mabopane,
Macau,
Maceió,
Machakos,
Machala,
Macoya,
Madras,
Madrid,
Mafikeng,
Magdeburg,
Mahajanga,
Mahé,
Maia,
Mainz,
Maisons-Alfort,
Majadahonda,
Malabo,
Malacca City,
Maladzečna,
Malaga,
Malang,
Maldonado,
Mali,
Malmberget,
Malmö,
Malé,
Mamoudzou,
Managua,
Manama,
Manaus,
Manavgat,
Manchester,
Mandalay,
Manila,
Manisa,
Manizales,
Mannheim,
Mantes-la-Ville,
Manzini,
Mapou,
Maputo,
Mar del Plata,
Maracaibo,
Maracay,
Marbella,
Marcory,
Mardakan,
Margao,
Maria Enzersdorf,
Maribor,
Mariehamn,
Marignane,
Marigot,
Marijampolė,
Marrakech,
Marsa,
Marseille,
Martakert,
Martigues,
Martuni,
Masan,
Mascara,
Maseru,
Mashhad,
Masvingo,
Matrei in Osttirol,
Matsumoto,
Matsuyama,
Maturín,
Mauer,
Maun,
Mayagüez,
Mazatenango,
Mbabane,
Mbale,
Mbombela,
Medan,
Medellín,
Mekele,
Meknès,
Melbourne,
Melun,
Mendoza,
Mersin,
Messina,
Metz,
Mexico City,
Meyrin,
Mhlume,
Miami,
Miami Gardens,
Middlesbrough,
Mielec,
Miki,
Mikkeli,
Milan,
Milton Keynes,
Mindelo,
Minsk,
Misrata,
Mission Viejo,
Mitrovica,
Mitsamiouli,
Miyagi,
Mladá Boleslav,
Mmabatho,
Moanda,
Modena,
Mogadishu,
Mohammedia,
Molde,
Molenbeek,
Molepolole,
Mombasa,
Monaco,
Monastir,
Mondercange,
Mongomo,
Monrovia,
Mons,
Montbéliard,
Montecatini Terme,
Montego Bay,
Monterey Park,
Monterrey,
Montevideo,
Montpellier,
Montreal,
Montrouge,
Montréal,
Montélimar,
Mopti,
Moquegua,
Morelia,
Morne-à-l'Eau,
Morocco,
Morogoro,
Moroni,
Morphou,
Moruleng,
Moruleng-Saulspoort,
Moscow,
Motherwell,
Mount Maunganui,
Mufulira,
Muharraq,
Mumbai,
Mumias,
Munich,
Murcia,
Murska Sobota,
Muscat,
Mutare,
Mwanza,
Mzuzu,
Málaga,
Mérida,
Mönchengladbach,
N'Djamena,
Nadi,
Nagasaki,
Nagoya,
Nairobi,
Nakhon Ratchasima,
Nakuru,
Nam Định,
Namangan,
Namibia,
Nampo,
Nanchang,
Nanjing,
Nanning,
Nanterre,
Nantes,
Napier,
Naples,
Narbonne,
Naruto,
Narva,
Nashville,
Nassau,
Natal,
Nausori,
Navua,
Naypyidaw,
Nchalo,
Ndjamena,
Ndola,
Neiva,
Nelspruit,
Neskaupstaður,
Netanya,
Neuchâtel,
New Britain,
New Cairo,
New Delhi,
New Haven,
New Jersey,
New York,
Newark,
Newcastle,
Newport,
Nezahualcóyotl,
Niamey,
Nice,
Nicosia,
Nicoya,
Niger,
Nigeria,
Niigata,
Nijmegen,
Nilphamari Sadar,
Nishinomiya,
Nitra,
Nizhny Novgorod,
Nizwa,
Niš,
Njarðvík,
Njeru,
Nonthaburi,
Norrbacka,
Norrköping,
North Shore,
North Sound,
Nottingham,
Nouakchott,
Nouméa,
Nova Gorica,
Novara,
Novi Sad,
Nuku'alofa,
Nukuʻalofa,
Nur-Sultan,
Nuremberg,
Nuuk,
Nyon,
Nyíregyháza,
Nîmes,
Oakfield,
Oakland,
Obeid,
Obuasi,
Odense,
Odessa,
Oeiras,
Offenbach am Main,
Okayama,
Oleai,
Olhão,
Oliva,
Olmaliq,
Olomouc,
Olsztyn,
Omdurman,
Onomichi,
Opole,
Oradea,
Oran,
Orange Walk,
Oranjestad,
Orapa,
Orlando,
Orléans,
Oruro,
Osaka,
Osbourn,
Osijek,
Oslo,
Osorno,
Ossett,
Ostrava,
Ostrowiec Świętokrzyski,
Ottawa,
Ouagadougou,
Oulu,
Oviedo,
Owando,
Oxnard,
Oyem,
Ozolnieki,
Paderborn,
Padua,
Paisley,
Paju,
Pak Kret,
Palembang,
Palermo,
Palma de Mallorca,
Palmerston North,
Palmira,
Palo Alto,
Palo Seco,
Pamplona,
Panama,
Panama City,
Paola,
Papeete,
Paphos,
Paralímni,
Paramaribo,
Paranavaí,
Parchal,
Paris,
Parma,
Paroi,
Parramatta,
Pasadena,
Pasig City,
Pathum Thani,
Patras,
Paya Rumput,
Paynesville,
Paysandú,
Pedro Juan Caballero,
Peel,
Penafiel,
Penrith,
Peralada,
Pereira,
Perivólia,
Pernis,
Perth,
Perugia,
Pescara,
Peshawar,
Petah Tikva,
Petaling Jaya,
Phang Nga,
Philadelphia,
Philipsburg,
Phnom Penh,
Phoenix,
Phokeng,
Phuket,
Piacenza,
Piatra Neamţ,
Pirae,
Piraeus,
Pisa,
Piscataway,
Pistoia,
Piura,
Pleven,
Ploiești,
Plovdiv,
Plymouth,
Plzeň,
Podgorica,
Pointe-Noire,
Pointe-à-Pierre,
Pointe-à-Pitre,
Poissy,
Pokhara,
Polokwane,
Pomona,
Ponta Delgada,
Pontevedra,
Pontiac,
Pori,
Port Elizabeth,
Port Erin,
Port Harcourt,
Port Louis,
Port Moresby,
Port Said,
Port Sudan,
Port Vila,
Port el-Kantaoui,
Port of Spain,
Port-Gentil,
Port-au-Prince,
Portalegre,
Portimão,
Portland,
Porto,
Porto Alegre,
Porto-Novo,
Portoviejo,
Portsmouth,
Potchefstroom,
Potsdam,
Poznań,
Prague,
Praia,
Pretoria,
Prešov,
Prievidza,
Prilep,
Pristina,
Providence,
Providenciales,
Puebla,
Puerto Cortés,
Puerto Ordaz,
Puerto la Cruz,
Pula,
Pune,
Pyongyang,
Pärnu,
Pécs,
Pégeia,
Púla,
Płock,
Qarshi,
Qinhuangdao,
Quartier d'Orléans,
Querétaro,
Quetta,
Quetzaltenango,
Quilmes,
Quito,
Qurghonteppa,
Qyzylorda,
Rabat,
Radom,
Radès,
Rajshahi,
Rakvere,
Ramat Gan,
Ramat-Gan,
Ramsey,
Rancagua,
Ras al-Khaimah,
Razgrad,
Reading,
Recife,
Reggio Emilia,
Reggio di Calabria,
Reims,
Rennes,
Resistencia,
Reutlingen,
Reykjavík,
Rhodes,
Ribeirão Preto,
Richmond,
Ried im Innkreis,
Rieti,
Riffa,
Rifu,
Riga,
Rijeka,
Rimini,
Rio Maior,
Rio de Janeiro,
Ritzing,
Rivera,
Rivière-Pilote,
Riyadh,
Rize,
Road Town,
Robina,
Roche Caiman,
Rohrbach an der Lafnitz,
Rome,
Roodepoort,
Rookley,
Rosario,
Rose Hill,
Roseau,
Rostock,
Rostov-on-Don,
Rotherhithe,
Rotterdam,
Rouen,
Ruse,
Rustenburg,
Rwanda,
Rybnik,
Saarbrücken,
Saigon,
Saint Croix,
Saint John,
Saint Kitts and Nevis,
Saint Paul,
Saint Petersburg,
Saint Pierre,
Saint-Brieuc,
Saint-Cloud,
Saint-Denis,
Saint-Gratien,
Saint-Joseph,
Saint-Laurent-du-Maroni,
Saint-Leu-la-Forêt,
Saint-Louis,
Saint-Marc,
Saint-Nazaire,
Saint-Ouen,
Saint-Ouen-l'Aumône,
Saint-Paul,
Saint-Pierre,
Saint-Étienne,
Sainte-Marie,
Saitama,
Salahaddin,
Salalah,
Salamanca,
Salerno,
Salisbury,
Salmiya,
Salon-de-Provence,
Salonica,
Salt Lake City,
Salta,
Saltvik,
Salvador,
Salzburg,
Salé,
Samara,
Samarqand,
Samsun,
Samut Sakhon,
San Antonio,
San Bernardino,
San Carlos,
San Cristóbal,
San Diego,
San Fernando,
San Francisco,
San Ignacio,
San Isidro de El General,
San Jose,
San José,
San Juan,
San Luis Potosí,
San Marcos,
San Martín,
San Nicolás de los Garza,
San Pedro,
San Pedro Sula,
San Pedro de Alcántara,
San Pedro del Pinatar,
San Salvador,
San Salvador de Jujuy,
San Sebastián,
Sana'a,
Sandavágur,
Sandefjord,
Sandur,
Sandviken,
Sandy,
